{
	"groups":[{
			"keys":"LoadViewSkin_exml,load_min_num_fnt,black_jpg,LoadMinViewSkin_exml",
			"name":"LoadViewSkin"
		}],
	"resources":[
		{
			"name":"LoadViewSkin_exml",
			"type":"exml",
			"url":"skins/LoadViewSkin.exml"
		},
		{
			"name":"LaunchSkin_exml",
			"type":"exml",
			"url":"skins/LaunchSkin.exml"
		},
		{
			"name":"load_min_num_fnt",
			"type":"font",
			"url":"font/load_min_num.fnt"
		},
		{
			"name":"black_jpg",
			"type":"image",
			"url":"ui/black.jpg"
		},
		{
			"name":"LoadMinViewSkin_exml",
			"type":"exml",
			"url":"skins/LoadMinViewSkin.exml"
		}
	]
}